<?xml version="1.0" encoding="UTF-8" standalone="yes" ?>
<addon id="plugin.video.dokumentalnenet" name="dokumentalne.net" version="1.0.0" provider-name="azman">
    <requires>
        <import addon="xbmc.python" version="3.0.0"/>
        <import addon="script.module.requests"/>
        <import addon="script.module.resolveurl"/>
        <import addon="script.module.beautifulsoup4"/>
    </requires>
	<extension point="xbmc.python.pluginsource" library="addon.py">
		<provides>video</provides>
	</extension>
	<extension point="xbmc.addon.metadata">
		<description>dokumentalne.net</description>
		<summary>dokumentalne.net</summary>
		<language>pl</language>
		<platform>all</platform>
		<license>GNU GENERAL PUBLIC LICENSE. Version 2, June 1991</license>
		<assets>
			<icon>icon.png</icon>
			<fanart>fanart.png</fanart>
		</assets>
	</extension>
</addon>
