<addon id="repository.azman" name="Repozytorium azman" version="1.0.0" provider-name="azman">
    <extension point="xbmc.addon.repository" name="Repozytorium azman26">
        <info compressed="false">https://azman26.github.io/kodi-addons/addons.xml</info>
        <checksum>https://azman26.github.io/kodi-addons/addons.xml.md5</checksum>
        <datadir zip="false">https://azman26.github.io/kodi-addons/</datadir>
    </extension>
    <extension point="xbmc.addon.metadata">
        <summary lang="pl">Repozytorium dodatków Kodi od azman</summary>
        <description lang="pl">Repozytorium dodatków Kodi od azman</description>
        <platform>all</platform>
    </extension>
</addon>

